problem,best,devb,next,devn,rand,devr
sastp10,20.4952,0,9.34582,0,12.4386,0
sastp20,28.4499,0,36.7738,0,34.4763,0
sastp50,115.844,0,109.6108,3.29871313,103.521,4.56384
sastp100,223.196267,10.0082,202.377233,5.3532,201.524,6.4134
sastp200,460.832,14.2261,455.098,8.96536,463.1121,19.7952
sastp500,1166.25133,18.311,1174.417,19.5777301,1172.5736,25.4782
sastp1000,2354.45967,37.0032,2340.12567,37.3938,2330.949,36.299216
