problem,next,dev,time,best,bdev,btime
sastp10,31.029,0,0.001544,31.0209,0,0.00781
sastp20,60.7632067,0.0985,0.0078029,63.6631667,1.87727,0.01267
sastp50,171.6071,3.291,0.13478,174.282233,4.80933,0.1437
sastp100,378.8043,7.60955,1.05401587,380.9398,11.624,1.32
sastp200,781.237067,11.9027,13.014092,779.852533,10.4709044,11.95
sastp500,2040.783,23.5049985,203.7254,2029.81833,19.3,179.61
sastp1000,4131.36467,33.3566213,1811.081,4116.51933,28.9908007,1445.62
