problem,next,t1,best,t2,k5,dev5,k10,dev10
sastp10,43.2979,0.000242,43.2979,0.000241,36.9904,0,43.2979,0
sastp20,67.9204,0.000463,70.4877,0.000687,67.9204,0,67.92,0
sastp50,172.784,0.001767,172.784,0.001669,162.585,0,172.784,0
sastp100,377.885,0.008368,378.099,0.008394,379.2828,0.40659,377.885,0
sastp200,802.199,0.011204,803.431,0.015102,799.1285,0.0147,802.181833,0.22553
sastp500,2041.32,0.0768,2040.74,0.132284,2026.952667,0.81686,2041.67633,0.70401059
sastp1000,4311.8,0.322069,4313.89,0.862252,4281.740667,1.11036,4313.327667,1.2200499
