problem,next,t1,k5,dev5,k10,dev10
sastp10,43.2979,0.000809,36.9904,0,43.2979,0
sastp20,69.2554,0.001723,69.2554,0,69.2554,0
sastp50,176.778,0.009348,162.933,0,177.778,0
sastp100,378.028,0.018937,375.693,0.813676,376.028,0
sastp200,800.596,0.055929,794.968,0,798.596,0
sastp500,2039.89,0.319632,2015.196669,0.504,2030.35666,0.507416
sastp1000,4323.32,1.52362,4265.4,0.8469,4300.38666,0.253708132
