problem,next,t1,best,t2,k5,dev5,k10,dev10
sastp10,43.2979,0.000112,43.2979,0.000349,37.20065,0,43.2979,0
sastp20,67.2554,0.002365,67.2554,0.002294,67.2554,0,67.2554,0
sastp50,178.564,0.013751,175.745,0.0127,161.933,0,172.778,0
sastp100,384.874,0.02014,402.286,0.030447,374.093,0,375.88233,1.142008
sastp200,857.64,0.078691,833.037,0.101778,793.968,0,796.596,0
sastp500,2213.13,0.655143,2200.94,1.55123,2016.26933,1.813267,2020.42533,0.715993476
sastp1000,4551.06,4.05179,4495.62,5.62041,4265.61733,1.596358,4300.358,0.115948859
