problem,next,dev,random,devr
sastp10,25.3687,0,25.4155,0
sastp20,42.917,0,40.8803,0
sastp50,134.64153,4.12044,115.869,0
sastp100,302.75906,8.615207,238.6864,11.9981
sastp200,652.5059667,10.0419916,465.188,0
sastp500,1716.222,22.173732,1185.9213,22.435
sastp1000,3534.263,35.035467,2339.27466,30.04647
