problem,best,devb,next,devn,rand,devr
sastp10,31.0209,0,33.0035,2.03389,26.2073,0
sastp20,57.21624,1.234021,54.8664,0,22.64,2.292984
sastp50,164.778,3.7405,162.169,6.02675,98.79,0
sastp100,360.184,7.72264,356.8927,7.58047,178.6386,3.0454
sastp200,736.231067,12.9287,731.4858,11.4634,418.579,5.97666
sastp500,1966.906,28.0056,1949.60433,20.931722,1116.902,11.59
sastp1000,3992.0566,26.283849,3967.13633,32.24468,2267.20533,43.62955
