problem,stamina,time,stamina1,time1
sastp10,36.5321,0.000156,43.2979,0.000116
sastp20,68.8606,0.000246,67.2554,0.000185
sastp50,171.584,0.000454,172.778,0.000631
sastp100,412.13,0.00029,375.028,0.000936
sastp200,827.737,0.000566,796.596,0.00097
sastp500,2376.64,0.001372,2029.89,0.005208
sastp1000,4672.09,0.002952,4300.32,0.041532
